{
  "Adventure": 0.15235003464249874,
  "Drama": 0.20469748035617175,
  "Fantasy": 0.1165684156097932,
  "Historical Fiction": 0.13819217210825363,
  "Horror": 0.15040193765449794,
  "Mystery": 0.13706445442870016,
  "Mythology": 0.13999435331047216,
  "Romance": 0.1311660549914371,
  "Science Fiction": 0.18097694397561528,
  "Thriller": 0.17653281767669882
}