{
  "recall_at_50": 0.19279258283644313,
  "ndcg_at_10": 0.15273203324509207,
  "map": 0.06371652327734369,
  "mrr": 0.3513487858395274,
  "ndcg_at_10_retrieval_only": 0.10554856535717203,
  "n_users_evaluated": 1200,
  "top_k_candidates": 100
}